"Alkylphenols"
"Bisphenols"
"Carbamate pesticides"
"Dioxinsdioxin-like compounds"
"Dithiocarbamate pesticides"
"Flame retardants"
"Mono-ortho PCBs"
"Non-ortho (coplanar) PCBs"
"Organochlorine pesticides"
"PBDEs"
"PCDDs"
"PCDFs"
"Pesticidesherbicides"
"Phenoxy herbicides"
"Phthalates"
"Plasticizersplastics"
"Pyrethroid pesticides"
"Styrenes"
"Triazine herbicides"
"1,2,3,4,6,7,8-Heptachlorodibenzodioxin"
"1,2,3,4,6,7,8-Heptachlorodibenzofuran"
"1,2,3,4,6,7,8,9-Octachlorodibenzo-p-dioxin"
"1,2,3,4,6,7,8,9-Octachlorodibenzofuran"
"1,2,3,4,7,8-Hexachlorodibenzodioxin"
"1,2,3,4,7,8-Hexachlorodibenzofuran"
"1,2,3,4,7,8,9-Heptachlorodibenzofuran"
"1,2,3,6,7,8-Hexachlorodibenzodioxin"
"1,2,3,6,7,8-Hexachlorodibenzofuran"
"1,2,3,7,8-Pentachlorodibenzodioxin"
"1,2,3,7,8-Pentachlorodibenzofuran"
"1,2,3,7,8,9-Hexachlorodibenzodioxin"
"1,2,3,7,8,9-Hexachlorodibenzofuran"
"2,2',4,4'-Tetrabromodiphenyl ether"
"2,2',4,4',5-Pentabromodiphenyl ether"
"2,2',4,4',5,6'-Hexabromodiphenyl ether"
"2,2',4,5'-Tetrabromodiphenyl ether"
"2,3,3',4,4',5-Hexachlorobiphenyl"
"2,3,3',4,4',5,5'-Heptachlorobiphenyl"
"2,3,3',4,4',5'-Hexachlorobiphenyl"
"2,3,4,3',4'-Pentachlorobiphenyl"
"2,3,4,4',5-Pentachlorobiphenyl"
"2,3,4,6,7,8-Hexachlorodibenzofuran"
"2,3,4,7,8-Pentachlorodibenzofuran"
"2,3,7,8-Tetrachlorodibenzodioxin"
"2,3,7,8-Tetrachlorodibenzofuran"
"2,3',4,4',5-Pentachlorobiphenyl"
"2,3',4,4',5,5'-Hexachlorobiphenyl"
"2,3',4,4',5'-Pentachlorobiphenyl"
"2,4-Dichlorophenol"
"2,4-Dichlorophenoxyacetate"
"2,4,5-Trichlorophenoxyacetic acid"
"3,3',4,4',5-Pentachlorobiphenyl"
"3,4,3',4'-Tetrachlorobiphenyl"
"3,4,4',5-Tetrachlorobiphenyl"
"3,4,5,3',4',5'-Hexachlorobiphenyl"
"4-Octylphenol"
"Alachlor"
"Aldicarb"
"Aldrin"
"alpha-Hexachlorocyclohexane"
"Amitrole"
"Atrazine"
"Benlate"
"Bisphenol"
"Butylbenzyl phthalate"
"Carbaryl"
"Chlordane"
"Chlordecone"
"Cypermethrin"
"DDD"
"DDE"
"DDT"
"Di-n-hexyl phthalate"
"Di-n-pentyl phthalate"
"Di-n-propylphthalate"
"Dibromochloropropane"
"Dibutyl phthalate"
"Dicofol"
"Dicyclohexyl phthalate"
"Dieldrin"
"Diethyl phthalate"
"Diethylhexyl adipate"
"Diethylhexyl phthalate"
"Endosulfan"
"Endrin"
"Esfenvalerate"
"Fenvalerate"
"Heptachlor"
"Heptachlor epoxide"
"Hexachlorobenzene"
"Malathion"
"Mancozeb"
"Maneb"
"Methomyl"
"Methoxychlor"
"Metiram"
"Metribuzin"
"Mirex"
"Nitrofen"
"Nonylphenol"
"Octachlorostyrene"
"Oxychlordane"
"Parathion"
"Pentachlorophenol"
"Permethrin"
"Simazine"
"Styrene"
"Toxaphene"
"trans-Nonachlor"
"Trifluralin"
"Vinclozolin"
"Zineb"
"Ziram"
